White_grads,Black_grads,Asian_grads,Hispanic_grads,American Indian/ Alaska Native_grads,Native Hawaiian/ Pacific Islander_grads,Other_grads,Multiple Race/ Ethnicity_grads,Non-U.S. Citizen/Non-Permanent Resident_grads,Unknown Race/ Ethnicity_grads,Total_grads,White_pct_grads,Black_pct_grads,Asian_pct_grads,Hispanic_pct_grads,American Indian/ Alaska Native_pct_grads,Native Hawaiian/ Pacific Islander_pct_grads,Other_pct_grads,Multiple Race/ Ethnicity_pct_grads,Non-U.S. Citizen/Non-Permanent Resident_pct_grads,Unknown Race/ Ethnicity_pct_grads
10458.0,1052.0,3701.0,928.0,27.0,4.0,300.0,1168.0,365.0,75.0,18078.0,57.84931961500166,5.819227790684811,20.472397389091714,5.133311206991924,0.14935280451377364,0.02212634140944795,1.659475605708596,6.4608916915588015,2.0190286536121254,0.414868901427149
10992.0,1061.0,3701.0,854.0,20.0,5.0,305.0,1326.0,355.0,86.0,18705.0,58.76503608660786,5.672280139000267,19.786153434910453,4.565624164661855,0.10692328254477412,0.02673082063619353,1.6305800588078054,7.089013632718524,1.8978882651697406,0.45977011494252873
10823.0,1036.0,3993.0,950.0,31.0,7.0,268.0,1361.0,354.0,115.0,18938.0,57.14964621396135,5.470482627521386,21.08459182595839,5.016369204773471,0.16369204773471327,0.036962720456225576,1.4151441546097794,7.186608934417574,1.8692575773576934,0.6072446932094202
10992.0,1061.0,3701.0,854.0,20.0,5.0,305.0,1326.0,355.0,86.0,18705.0,58.76503608660786,5.672280139000267,19.786153434910453,4.565624164661855,0.10692328254477412,0.02673082063619353,1.6305800588078054,7.089013632718524,1.8978882651697406,0.45977011494252873
10909.0,1119.0,4101.0,1059.0,21.0,9.0,356.0,1506.0,278.0,195.0,19553.0,55.79195008438603,5.72290697079732,20.97376361683629,5.416048688180842,0.1074003989157674,0.04602874239247174,1.820692476857771,7.702142893673606,1.4217767094563494,0.9972894185035543
